Mã SKU;Tên;Thuộc tính phân loại;Danh mục;Xuất kho / Bán hàng;Lợi nhuận gộp hàng hóa đã giao;Tỷ suất Lợi nhuận gộp hàng hóa đã giao;Lượng bán xuất kho trung bình hàng ngày;Tồn kho khả dụng;Số ngày có thể bán;Đang vận tải;Cảnh báo tồn kho;Thời gian tạo;Link hình ảnh
Tất cả;--;--;--;53504;477642772.99;0.1905;17.26;--;--;349;--;--;--
2026;LRP Sữa Rửa Mặt Effaclar Purifying Foaming Gel - 50ml;;Chưa chọn danh mục;5715;79317680.92;0.3586;184.35;1935;10;0;0;13/04/2026 21:53;https://res.bigseller.pro/sku/images/merchantsku/944484/579270_1754366214381.jpg?imageView2/1/w/300/h/300
1943;LAMEILA Bông tẩy trang 222 miếng - Vàng FM;;Chưa chọn danh mục;5617;6847879.05;0.09480000000000001;181.19;480;2;0;0;13/04/2026 21:53;https://res.bigseller.pro/sku/images/merchantsku/944484/321755_1754366310173.jpg?imageView2/1/w/300/h/300
1350;CERAVE Sữa Rửa Mặt Foaming Cleanser - 30ml FRANCE;;Chưa chọn danh mục;4403;55188422.87;0.45130000000000003;142.03;4471;31;0;0;13/04/2026 21:53;https://res.bigseller.pro/sku/images/merchantsku/944484/634847_1785651928354.jpg?imageView2/1/w/300/h/300
1613;DR.SERA Khăn Mặt Nén Cotton Tiệt Trùng UV Mềm Mịn An Toàn Làn Da - Túi (30 cái);;Chưa chọn danh mục;2125;1788507.5;0.3862;68.55;110;1;0;0;13/04/2026 21:53;https://res.bigseller.pro/sku/images/merchantsku/944484/058282_1754365904596.jpg?imageView2/1/w/300/h/300
1127;Aspasia - Xịt Khoáng Aspasia Moist Up Face Mist Aloe Làm Dịu Mát Bổ Sung Độ Ẩm Cho Làn Da Rạng Rỡ 150ml;;Chưa chọn danh mục;2100;35243830.97;0.2944;67.74;3627;53;0;0;13/04/2026 21:53;https://res.bigseller.pro/sku/images/merchantsku/944484/898863_1765802675558.jpg?imageView2/1/w/300/h/300
1472;COMPLIMENT Sữa rửa mặt No Problem 200ml - Hồng;;Chưa chọn danh mục;2035;49627780.58;0.3489;65.65;0;0;0;0;13/04/2026 21:53;https://res.bigseller.pro/sku/images/merchantsku/944484/220412_1754366215630.jpg?imageView2/1/w/300/h/300
1947;LANEIGE Mặt nạ môi Lip Sleeping Mask Mini 3g;;Chưa chọn danh mục;1665;5814313.75;0.0814;53.71;878;16;0;0;13/04/2026 21:53;https://res.bigseller.pro/sku/images/merchantsku/944484/692084_1754365907716.jpg?imageView2/1/w/300/h/300
1552;DERMAXILIC Kem ngày Dermaxilic B5 Tone up cream  - 50ml;;Chưa chọn danh mục;1278;9503438.98;0.0583;41.23;0;0;0;0;13/04/2026 21:53;https://res.bigseller.pro/sku/images/merchantsku/944484/039048_1778121897307.jpg?imageView2/1/w/300/h/300
1980;LOREAL Nước Tẩy Trang Revitalift Crystal Purifying Micellar Water [Xám] - 95ml;;LOREAL;1268;4200684.12;0.18;40.9;49;1;0;0;13/04/2026 21:53;https://res.bigseller.pro/sku/images/merchantsku/944484/702311_1788144582501.jpg?imageView2/1/w/300/h/300
2361;SILCOT Bông tẩy trang Unicharm - 82 miếng Xanh dương;;Chưa chọn danh mục;1268;5612337.93;0.1812;40.9;952;23;0;0;13/04/2026 21:53;https://res.bigseller.pro/sku/images/merchantsku/944484/941114_1755015056285.jpg?imageView2/1/w/300/h/300
1982;LOREAL Nước Tẩy Trang Revitalift Hyaluronic Acid Hydrating Micellar Water [Tím] - 95ml;;LOREAL;1210;2667554.38;0.1275;39.03;254;6;0;0;13/04/2026 21:53;https://res.bigseller.pro/sku/images/merchantsku/944484/482593_1754366213712.jpg?imageView2/1/w/300/h/300
2024;LRP Sữa Rửa Mặt Effaclar Purifying Foaming Gel - 15ml;;Chưa chọn danh mục;1161;1134505.26;0.0812;37.45;0;0;195;0;13/04/2026 21:53;https://res.bigseller.pro/sku/images/merchantsku/944484/840394_1754365814941.jpg?imageView2/1/w/300/h/300
1909;Kr.Lab Mặt Nạ Kr.Lab+ B5 EGF Complex Mask 25ml - lẻ 1 miếng;;Chưa chọn danh mục;1156;869672.84;0.0756;37.29;904;24;0;0;13/04/2026 21:53;https://res.bigseller.pro/sku/images/merchantsku/944484/031692_1754365626985.jpg?imageView2/1/w/300/h/300
1886;KEYSHU mặt nạ dưỡng da - 1 Miếng ( Rau Má );;Chưa chọn danh mục;1098;1621257.82;0.1197;35.42;1106;31;0;0;13/04/2026 21:53;https://res.bigseller.pro/sku/images/merchantsku/944484/255761_1765875426376.jpg?imageView2/1/w/300/h/300
1882;KEYSHU mặt nạ dưỡng da - 1 Miếng ( Hành Tím );;Chưa chọn danh mục;1040;803074.8;0.0643;33.55;527;15;0;0;13/04/2026 21:53;https://res.bigseller.pro/sku/images/merchantsku/944484/176159_1765875373134.jpg?imageView2/1/w/300/h/300
2099;MINISO Bông tẩy trang Miniso Cao Cấp  100% cotton TRÒN 180 miếng;;Chưa chọn danh mục;907;1691836.86;0.1011;29.26;374;12;0;0;13/04/2026 21:53;https://res.bigseller.pro/sku/images/merchantsku/944484/426204_1765421787076.jpg?imageView2/1/w/300/h/300
1615;DR.SERA Khăn Tắm Nén Cotton Tiệt Trùng UV Mềm Mịn An Toàn Với Mọi Làn Da - 1 Khăn;;Chưa chọn danh mục;818;6531735.44;0.3271;26.39;1;0;0;0;13/04/2026 21:53;https://res.bigseller.pro/sku/images/merchantsku/944484/143497_1781534797520.jpg?imageView2/1/w/300/h/300
1887;KEYSHU mặt nạ dưỡng da - 1 Miếng ( Vitamin C );;Chưa chọn danh mục;787;670719.05;0.0645;25.39;284;11;0;0;13/04/2026 21:53;https://res.bigseller.pro/sku/images/merchantsku/944484/874816_1765875748632.jpg?imageView2/1/w/300/h/300
1922;LA SOIRÉE Bông Tẩy Trang 100% Cotton Siêu Mềm Siêu Mịn - 225 Miếng Tròn;;Chưa chọn danh mục;771;10428058.47;0.2005;24.87;66;2;0;0;13/04/2026 21:53;https://res.bigseller.pro/sku/images/merchantsku/944484/574597_1754365723437.jpg?imageView2/1/w/300/h/300
1321;CARYOPHY Mặt nạ Portulaca Mask Sheet 3IN1 22g - 01 miếng;;Chưa chọn danh mục;675;848489.4;0.0733;21.77;289;13;0;0;13/04/2026 21:53;https://res.bigseller.pro/sku/images/merchantsku/944484/449102_1754366311773.jpg?imageView2/1/w/300/h/300
2100;MINISO Bông tẩy trang Nhật Bản 100% 180 Miếng;;Chưa chọn danh mục;659;2869989.31;0.2733;21.26;506;23;0;0;13/04/2026 21:53;https://res.bigseller.pro/sku/images/merchantsku/944484/287075_1754365818087.jpg?imageView2/1/w/300/h/300
2586;VICHY Dầu gội Dercos Technique Anti-Dandruff Ds Advanced To Oily Hair - 50ml (Xanh da dầu);;Chưa chọn danh mục;564;15161652.29;0.45539999999999997;18.19;6;0;0;0;13/04/2026 21:53;https://res.bigseller.pro/sku/images/merchantsku/944484/214530_1754365912583.jpg?imageView2/1/w/300/h/300
2367;SIMPLE Nước Tẩy Trang Micellar Cleansing Water - 200ml;;Chưa chọn danh mục;526;4871156.21;0.1807;16.97;212;12;0;0;13/04/2026 21:53;https://res.bigseller.pro/sku/images/merchantsku/944484/160848_1754365818073.jpg?imageView2/1/w/300/h/300
3004;KEYSHU  Mặt Nạ Dưỡng Da Tràm Trà  - 1 Miếng;;Chưa chọn danh mục;490;1079516.7;0.1575;15.81;160;10;0;0;46148.71493055556;https://res.bigseller.pro/sku/images/merchantsku/944484/232492_1783992445518.jpg?imageView2/1/w/300/h/300
1471;COMPLIMENT Sữa rửa mặt No Problem 200ml - Cam;;Chưa chọn danh mục;450;8617526.69;0.2959;14.52;563;38;0;0;13/04/2026 21:53;https://res.bigseller.pro/sku/images/merchantsku/944484/663436_1754365626082.jpg?imageView2/1/w/300/h/300
1547;DERMA FORTE Gel giảm mụn 15g - Bản thường;;Chưa chọn danh mục;422;2933150.2;0.0764;13.61;100;7;0;0;13/04/2026 21:53;https://res.bigseller.pro/sku/images/merchantsku/944484/830774_1754365626073.jpg?imageView2/1/w/300/h/300
1298;BNBG Mặt Nạ Dưỡng Da Vita Tea Tree Healing Face Mask Pack 30ml - Xanh lá đậm;;Chưa chọn danh mục;415;334172.45;0.04650000000000001;13.39;0;0;0;0;13/04/2026 21:53;https://res.bigseller.pro/sku/images/merchantsku/944484/227533_1754366305609.jpg?imageView2/1/w/300/h/300
2378;SKIN1004 Kem chống nắng Madagascar Centella Air-Fit SunCream Plus 50ml (IP04);;Chưa chọn danh mục;367;3032447.7;0.0418;11.84;197;16;0;0;13/04/2026 21:53;https://res.bigseller.pro/sku/images/merchantsku/944484/448697_1754998314175.jpg?imageView2/1/w/300/h/300
QT01;Dr.Sera tây tế bào chết da đầu;;Chưa chọn danh mục;363;858010.75;0.9675;11.71;0;0;0;0;13/04/2026 21:52;https://res.bigseller.pro/sku/images/merchantsku/944484/579510_1787274960075.jpg?imageView2/1/w/300/h/300
2014;LRP SERUM B5 HYALU CONCENTRE - 10ml;;Chưa chọn danh mục;349;10503197.88;0.2969;11.26;587;52;153;0;13/04/2026 21:53;https://res.bigseller.pro/sku/images/merchantsku/944484/889245_1782466792795.jpg?imageView2/1/w/300/h/300
1885;KEYSHU mặt nạ dưỡng da - 1 Miếng ( Nâng Cơ );;Chưa chọn danh mục;321;264179.8;0.0653;10.35;337;32;0;0;13/04/2026 21:53;https://res.bigseller.pro/sku/images/merchantsku/944484/304663_1765875687637.jpg?imageView2/1/w/300/h/300
2792;Vaseline Sữa Dưỡng Thể Trắng Da Toàn Thân Vaseline Body Lotion 725ml Mẫu Mới - Bảng Mỹ;;Chưa chọn danh mục;321;1960635.66;0.0524;10.35;14;1;0;0;28/04/2026 14:54;https://res.bigseller.pro/sku/images/merchantsku/944484/726708_1787287772057.jpg?imageView2/1/w/300/h/300
2569;VASELINE - Dưỡng Thể Gluta-Hyal - VÀNG 70ml;;Chưa chọn danh mục;320;1007200;0.1602;10.32;0;0;0;0;13/04/2026 21:53;https://res.bigseller.pro/sku/images/merchantsku/944484/703537_1753243527257.jpg?imageView2/1/w/300/h/300
1440;COCOON Pomelo Dầu Xả Bưởi Hair Conditioner 310ml;;Chưa chọn danh mục;307;3471864.82;0.0919;9.9;0;0;0;0;13/04/2026 21:53;https://res.bigseller.pro/sku/images/merchantsku/944484/572811_1787888367575.jpg?imageView2/1/w/300/h/300
1437;COCOON Nước dưỡng tóc tinh dầu bưởi Pomelo Hair Tonic 140ml;;Chưa chọn danh mục;303;1110093.67;0.045700000000000005;9.77;12;1;0;0;13/04/2026 21:53;https://res.bigseller.pro/sku/images/merchantsku/944484/332028_1754365908147.jpg?imageView2/1/w/300/h/300
1474;COMPLIMENT Sữa rửa mặt No Problem 200ml - Xanh lá;;Chưa chọn danh mục;299;6332080;0.2742;9.65;654;67;0;0;13/04/2026 21:53;https://res.bigseller.pro/sku/images/merchantsku/944484/724916_1754365717784.jpg?imageView2/1/w/300/h/300
1612;DR.SERA Bông Tẩy Trang Cotton Tiệt Trùng UV - PURE SNOW COTTON PAD - 234 Miếng;;Chưa chọn danh mục;295;3435317.72;0.33390000000000003;9.52;972;102;0;0;13/04/2026 21:53;https://res.bigseller.pro/sku/images/merchantsku/944484/407282_1754361506518.jpg?imageView2/1/w/300/h/300
2575;Vella Kem Dưỡng Da Vùng Cổ Vella Concentrate Neck Cream 50ml;;Chưa chọn danh mục;286;2982092.3;0.0483;9.23;214;23;0;0;13/04/2026 21:53;https://res.bigseller.pro/sku/images/merchantsku/944484/331107_1767103228600.jpg?imageView2/1/w/300/h/300
1349;CERAVE Sữa Rửa Mặt Foaming Cleanser - 236ml FRANCE;;Chưa chọn danh mục;282;4651661.2;0.0667;9.1;388;42;0;0;13/04/2026 21:53;https://res.bigseller.pro/sku/images/merchantsku/944484/862346_1754365717686.jpg?imageView2/1/w/300/h/300
1711;GARNIER Nước Tẩy Trang Micellar Cleansing Water 50ml - Trắng make up;;GARNIER;263;639380.25;0.1479;8.48;112;13;0;0;13/04/2026 21:53;https://res.bigseller.pro/sku/images/merchantsku/944484/420783_1787047471388.jpg?imageView2/1/w/300/h/300
2388;SMAS Mặt nạ Peptide Silk Mask 25gr;;Chưa chọn danh mục;250;820475.5;0.0516;8.06;41;5;0;0;13/04/2026 21:53;https://res.bigseller.pro/sku/images/merchantsku/944484/640185_1754366310170.jpg?imageView2/1/w/300/h/300
2548;VASELINE Sáp Dưỡng Ẩm Pure Petroleum Jelly - 50ml;;Chưa chọn danh mục;250;854978.18;0.1338;8.06;0;0;0;0;13/04/2026 21:53;https://res.bigseller.pro/sku/images/merchantsku/944484/282520_1785911611805.jpg?imageView2/1/w/300/h/300
3096;COCOON Mặt Nạ nghệ Hưng Yên Turmeric Face Mask - 100ml;;Chưa chọn danh mục;250;2786175;0.054400000000000004;8.06;0;0;0;0;31/07/2026 16:54;https://res.bigseller.pro/sku/images/merchantsku/944484/595675_1785769488648.jpg?imageView2/1/w/300/h/300
3097;COCOON Kem dưỡng Thạch Nghệ Hưng Yên Làm Sáng Da - 100ml;;Chưa chọn danh mục;250;4667100;0.0794;8.06;0;0;0;0;31/07/2026 16:54;https://res.bigseller.pro/sku/images/merchantsku/944484/054727_1785769551881.jpg?imageView2/1/w/300/h/300
1473;COMPLIMENT Sữa rửa mặt No Problem 200ml - Vàng;;Chưa chọn danh mục;240;5566358.93;0.2934;7.74;729;94;0;0;13/04/2026 21:53;https://res.bigseller.pro/sku/images/merchantsku/944484/482240_1754365718575.jpg?imageView2/1/w/300/h/300
2995;VICHY Dầu Gội Dercos Energy+ Aminexil Niacinamide Stimulating Shampoo Hairloss - 50Ml (Đỏ);;Chưa chọn danh mục;240;6580045.8;0.4758;7.74;0;0;0;0;46059.36215277778;https://res.bigseller.pro/sku/images/merchantsku/944484/657072_1781535026753.jpg?imageView2/1/w/300/h/300
1439;COCOON Pomelo Dầu Gội Bưởi Shampoo 310ml;;Chưa chọn danh mục;232;1929796.16;0.0588;7.48;68;9;0;0;13/04/2026 21:53;https://res.bigseller.pro/sku/images/merchantsku/944484/603015_1754366215283.jpg?imageView2/1/w/300/h/300
1322;CARYOPHY Mặt nạ Skin Repair Mask Sheet 3IN1 22g - 01 miếng - XANH DƯƠNG;;Chưa chọn danh mục;225;179989.35;0.046799999999999994;7.26;110;15;0;0;13/04/2026 21:53;https://res.bigseller.pro/sku/images/merchantsku/944484/860050_1772596263833.jpg?imageView2/1/w/300/h/300
2059;MARVIS Kem Đánh Răng Ý 85ml – Whitening Mint (Màu bạc);;Chưa chọn danh mục;218;3923348.97;0.1105;7.03;14;1;0;0;13/04/2026 21:53;https://res.bigseller.pro/sku/images/merchantsku/944484/966197_1754365905990.jpg?imageView2/1/w/300/h/300
1849;JOHNSON'S Nước hoa Baby hương phấn hoa - 50ml (hồng);;Chưa chọn danh mục;216;6499665.85;0.45280000000000004;6.97;272;39;0;0;13/04/2026 21:53;https://res.bigseller.pro/sku/images/merchantsku/944484/198271_1754364220719.jpg?imageView2/1/w/300/h/300
2372;SIMPLE Sữa Rửa Mặt Refreshing Facial Wash - 150ml [Xanh lá];;Chưa chọn danh mục;203;1389421.17;0.08259999999999999;6.55;142;21;0;0;13/04/2026 21:53;https://res.bigseller.pro/sku/images/merchantsku/944484/106789_1787289379447.jpg?imageView2/1/w/300/h/300
1915;KYUNG LAB Mặt Nạ Dưỡng Ẩm, Phục Hồi Da Kyung Lab PDRN Therapy Mask 23ml;;Chưa chọn danh mục;200;118098;0.0703;6.45;6131;950;0;0;13/04/2026 21:53;https://res.bigseller.pro/sku/images/merchantsku/944484/085574_1754365904177.jpg?imageView2/1/w/300/h/300
3108;COCOON Nước dưỡng tóc tinh dầu bưởi Pomelo Hair Tonic 310ml;;Chưa chọn danh mục;200;4200000;0.1014;6.45;0;0;0;0;46242.41840277778;https://res.bigseller.pro/sku/images/merchantsku/944484/688516_1786168330582.jpg?imageView2/1/w/300/h/300
1670;FEMFRESH Dung Dịch Vệ Sinh Phụ Nữ Soothing Wash Hồng 250ml;;Chưa chọn danh mục;198;4171222.96;0.14730000000000001;6.39;149;23;0;24;13/04/2026 21:53;https://res.bigseller.pro/sku/images/merchantsku/944484/047773_1754365814723.jpg?imageView2/1/w/300/h/300
2005;LRP Kem Dưỡng Cicaplast Baume B5+ Soothing Repairing Balm - 40ML;;Chưa chọn danh mục;198;6416729.63;0.11720000000000001;6.39;246;38;0;50;13/04/2026 21:53;https://res.bigseller.pro/sku/images/merchantsku/944484/497540_1754365720522.jpg?imageView2/1/w/300/h/300
2460;TESORI D'ORIENTE Sữa tắm nước hoa gói 9ml - #1 Hoa Sen;;Chưa chọn danh mục;189;218328;0.36060000000000003;6.1;0;0;0;0;13/04/2026 21:53;https://res.bigseller.pro/sku/images/merchantsku/944484/201704_1754364219109.jpg?imageView2/1/w/300/h/300
2461;TESORI D'ORIENTE Sữa tắm nước hoa gói 9ml - #2 Thanh Long;;Chưa chọn danh mục;183;181942.87;0.3267;5.9;65;11;0;0;13/04/2026 21:53;https://res.bigseller.pro/sku/images/merchantsku/944484/306413_1755687689239.jpg?imageView2/1/w/300/h/300
QT02;Quần chip VAGISIL;;Chưa chọn danh mục;182;-41621.58;0;5.87;59;10;0;0;23/04/2026 11:48;https://res.bigseller.pro/sku/images/merchantsku/944484/889720_1778125154227.jpg?imageView2/1/w/300/h/300
1899;KLAIRS Toner Supple Preparation Unscented KHÔNG MÙI - 30ml;;KLAIRS;179;732034.34;0.14;5.77;0;0;0;0;13/04/2026 21:53;https://res.bigseller.pro/sku/images/merchantsku/944484/398219_1754366217746.jpg?imageView2/1/w/300/h/300
QT30;DIKY Gói Khăn Ướt Premium Wet Wipes - 1 Gói (20pcs);;Chưa chọn danh mục;173;-164908.79;0;5.58;18;3;0;0;46242.63854166667;https://res.bigseller.pro/sku/images/merchantsku/944484/693718_1786177873848.jpg?imageView2/1/w/300/h/300
1925;LA SOIRÉE Bông Tẩy Trang 100% Cotton Siêu Mềm Siêu Mịn - 85 Miếng Vuông;;Chưa chọn danh mục;165;1564191.75;0.24489999999999998;5.32;71;13;0;0;13/04/2026 21:53;https://res.bigseller.pro/sku/images/merchantsku/944484/602566_1754365820191.jpg?imageView2/1/w/300/h/300
QT26;VELLA Kem cổ NECK Cream 1ml;;Chưa chọn danh mục;165;13000;1;5.32;224;42;0;0;46211.50729166667;https://res.bigseller.pro/sku/images/merchantsku/944484/222887_1786086768609.jpg?imageView2/1/w/300/h/300
2626;YUEJIN Mặt nạ cấp ẩm YUEJIN B5 REPAIR CONTROL EGF 25ml 1 MIẾNG;;Chưa chọn danh mục;160;160366.4;0.0876;5.16;285;55;0;0;13/04/2026 21:53;https://res.bigseller.pro/sku/images/merchantsku/944484/017205_1754365627012.jpg?imageView2/1/w/300/h/300
1475;COMPLIMENT Sữa rửa mặt No Problem 200ml - Xanh ngọc;;Chưa chọn danh mục;150;3266928.94;0.28;4.84;403;83;0;0;13/04/2026 21:53;https://res.bigseller.pro/sku/images/merchantsku/944484/213848_1754366311741.jpg?imageView2/1/w/300/h/300
1884;KEYSHU mặt nạ dưỡng da - 1 Miếng ( madecassoside );;Chưa chọn danh mục;150;160960;0.0765;4.84;715;147;0;0;13/04/2026 21:53;https://res.bigseller.pro/sku/images/merchantsku/944484/952562_1765876547249.jpg?imageView2/1/w/300/h/300
1611;DR.SERA Bông Tẩy Trang Cotton Tiệt Trùng UV - PURE SNOW COTTON PAD - 150 Miếng;;Chưa chọn danh mục;146;1449620.56;0.31170000000000003;4.71;535;113;0;0;13/04/2026 21:53;https://res.bigseller.pro/sku/images/merchantsku/944484/762912_1756125358464.jpg?imageView2/1/w/300/h/300
1920;LA SOIRÉE Bông Tẩy Trang 100% Cotton Siêu Mềm Siêu Mịn - 120 Miếng Tròn;;Chưa chọn danh mục;145;1861376.42;0.2833;4.68;0;0;0;0;13/04/2026 21:53;https://res.bigseller.pro/sku/images/merchantsku/944484/365208_1754366221461.jpg?imageView2/1/w/300/h/300
2371;SIMPLE Sữa rửa mặt Purifying Gel Wash 150ml [Xanh dương];;Chưa chọn danh mục;140;1032797.58;0.0897;4.52;10;2;0;0;13/04/2026 21:53;https://res.bigseller.pro/sku/images/merchantsku/944484/360736_1754365721435.jpg?imageView2/1/w/300/h/300
1480;COMPLIMENT Toner 10% Glycolic Acid & Aloe Lô hội - 200ML;;Chưa chọn danh mục;139;4273410;0.3464;4.48;447;99;0;0;13/04/2026 21:53;https://res.bigseller.pro/sku/images/merchantsku/944484/274732_1755687785897.jpg?imageView2/1/w/300/h/300
2897;TETRA Bông Tẩy Trang Pháp LE SOIN A L’ÉTAT PUR - 500 miếng;;Chưa chọn danh mục;139;8731638.46;0.4395;4.48;0;0;0;0;22/05/2026 10:35;https://res.bigseller.pro/sku/images/merchantsku/944484/094653_1783327919083.jpg?imageView2/1/w/300/h/300
1883;KEYSHU mặt nạ dưỡng da - 1 Miếng ( Hoa Cúc );;Chưa chọn danh mục;131;-4444.75;-0.0028000000000000004;4.23;118;27;0;0;13/04/2026 21:53;https://res.bigseller.pro/sku/images/merchantsku/944484/817463_1765875831816.jpg?imageView2/1/w/300/h/300
3134;NIVEA Kem dưỡng ẩm Dưỡng Da Sáng Mịn - 30ml;;Chưa chọn danh mục;125;596000;0.1333;4.03;4;0;0;0;21/08/2026 08:27;https://res.bigseller.pro/sku/images/merchantsku/944484/234593_1787280979200.jpg?imageView2/1/w/300/h/300
1029;OEM Xà Phòng Cám Gạo Jam Rice Milk Soap 60g;;Chưa chọn danh mục;124;251291.92;0.2073;4;0;0;0;0;13/04/2026 21:52;https://res.bigseller.pro/sku/images/merchantsku/944484/949619_1754919949805.jpg?imageView2/1/w/300/h/300
2672;Goodal Kem Ốc Sên Premium Toner Up Cream - 30ml;;Chưa chọn danh mục;123;1316588.37;0.054000000000000006;3.97;0;0;0;0;13/04/2026 21:53;https://res.bigseller.pro/sku/images/merchantsku/944484/358603_1779349220713.jpg?imageView2/1/w/300/h/300
QT32;DERMAXILIC Mút Tắm;;Chưa chọn danh mục;121;-22770.58;0;3.9;54;13;0;0;13/08/2026 14:30;https://res.bigseller.pro/sku/images/merchantsku/944484/596994_1786607904615.jpg?imageView2/1/w/300/h/300
1200;BANOBAGI Mặt Nạ Vita Genic Jelly Mask Vitalizing 30ml - Màu Vàng;;Chưa chọn danh mục;120;104565;0.0678;3.87;0;0;0;0;13/04/2026 21:53;https://res.bigseller.pro/sku/images/merchantsku/944484/780005_1754365819951.jpg?imageView2/1/w/300/h/300
1608;DR.PEPTI Nước Hoa Hồng Centella Toner 180ml;;DR.PEPTI;120;595583.03;0.0225;3.87;0;0;0;0;13/04/2026 21:53;https://res.bigseller.pro/sku/images/merchantsku/944484/040043_1785301472197.jpg?imageView2/1/w/300/h/300
1798;IPEK Bông tẩy trang - 150 miếng;;Chưa chọn danh mục;112;230061.81;0.0765;3.61;28;7;0;0;13/04/2026 21:53;https://res.bigseller.pro/sku/images/merchantsku/944484/810788_1754366312804.jpg?imageView2/1/w/300/h/300
3002;COCOON Sữa chống nắng bí đao Winter melon Sun fluid - 50ml;;Chưa chọn danh mục;110;2054844.8;0.0868;3.55;0;0;0;0;46118.63506944444;https://res.bigseller.pro/sku/images/merchantsku/944484/030766_1780560908769.jpg?imageView2/1/w/300/h/300
2031;LRP Tẩy trang Micellar Water Ultra Sensitive Skin - 400ml (Trắng);;Chưa chọn danh mục;109;7041197.83;0.177;3.52;7;1;0;0;13/04/2026 21:53;https://res.bigseller.pro/sku/images/merchantsku/944484/717157_1754365720535.jpg?imageView2/1/w/300/h/300
2553;VASELINE Sáp Dưỡng Môi Lip Care KOREA 7g - Rosy Lips Hoa Hồng;;Chưa chọn danh mục;108;603071.75;0.0889;3.48;0;0;0;0;13/04/2026 21:53;https://res.bigseller.pro/sku/images/merchantsku/944484/028871_1754366313737.jpg?imageView2/1/w/300/h/300
2562;VASELINE Son Dưỡng Lip Therapy Thỏi 4.8g - Rosy Lips;;Chưa chọn danh mục;108;539984.88;0.1;3.48;0;0;0;0;13/04/2026 21:53;https://res.bigseller.pro/sku/images/merchantsku/944484/338320_1754365909762.jpg?imageView2/1/w/300/h/300
1620;DUCRAY Kem dưỡng Keracnyl PP Anti-blemish soothing cream 30ml;;DUCRAY;103;-1587465.44;-0.0557;3.32;0;0;0;0;13/04/2026 21:53;https://res.bigseller.pro/sku/images/merchantsku/944484/792145_1754366312651.jpg?imageView2/1/w/300/h/300
1201;BANOBAGI Mặt Nạ Vita Genic Jelly Mask Vitalizing 30ml - Màu Xanh Dương;;Chưa chọn danh mục;101;79315.33;0.0613;3.26;0;0;0;0;13/04/2026 21:53;https://res.bigseller.pro/sku/images/merchantsku/944484/417993_1754365722881.jpg?imageView2/1/w/300/h/300
3094;COCOON Kem Ủ Tóc Hương Bưởi - 200ml;;Chưa chọn danh mục;100;625690;0.0521;3.23;0;0;0;0;29/07/2026 10:30;https://res.bigseller.pro/sku/images/merchantsku/944484/075851_1785310495249.jpg?imageView2/1/w/300/h/300
3107;COCOON Dầu Gội Bưởi Refill Không Sulfate - 500ml;;Chưa chọn danh mục;100;2400000;0.10039999999999999;3.23;0;0;0;0;46242.41840277778;https://res.bigseller.pro/sku/images/merchantsku/944484/113517_1786168094159.jpg?imageView2/1/w/300/h/300
1845;JOHNSON'S Nước hoa Baby hương ban mai - 50ml (tím);;Chưa chọn danh mục;98;2251820.03;0.3872;3.16;82;25;0;0;13/04/2026 21:53;https://res.bigseller.pro/sku/images/merchantsku/944484/702745_1754366215533.jpg?imageView2/1/w/300/h/300
2561;VASELINE Son Dưỡng Lip Therapy Thỏi 4.8g - Original;;Chưa chọn danh mục;98;536242.48;0.1082;3.16;0;0;0;0;13/04/2026 21:53;https://res.bigseller.pro/sku/images/merchantsku/944484/330610_1754366313693.jpg?imageView2/1/w/300/h/300
1857;JOHNSON'S Sữa tắm gội Baby Top-To-Toe Hair & Body (Vàng) - 100ml;;Chưa chọn danh mục;96;3406383.04;0.5272;3.1;89;28;0;0;13/04/2026 21:53;https://res.bigseller.pro/sku/images/merchantsku/944484/030503_1754361503374.jpg?imageView2/1/w/300/h/300
2836;MARVIS Tăm Chỉ Nha Khoa Dental Floss Toothpick 50 Pieces - ĐEN;;Chưa chọn danh mục;89;1117000;1;2.87;62;21;0;0;46239.67673611111;https://res.bigseller.pro/sku/images/merchantsku/944484/341909_1779195877049.jpg?imageView2/1/w/300/h/300
2754;AHOHWA Mặt Nạ Ủ Trắng Dạng Kem Tone-Up Brightening Cream Mask - 20g;;Chưa chọn danh mục;87;357599.22;0.08310000000000001;2.81;24;8;0;0;18/04/2026 10:31;https://res.bigseller.pro/sku/images/merchantsku/944484/370506_1783928008885.jpg?imageView2/1/w/300/h/300
1760;HALLS XS Kẹo ngậm Không Đường Giúp Thơm Miệng, Giảm Ho, Đau Họng 12.6g - Mentholyptus;;HALLS;85;793226.6;0.3344;2.74;0;0;0;0;13/04/2026 21:53;https://res.bigseller.pro/sku/images/merchantsku/944484/739749_1754366309025.jpg?imageView2/1/w/300/h/300
2028;LRP Sữa Rửa Mặt Sữa Tắm Lipikar Syndet AP+ Cream Wash - 200ml;;Chưa chọn danh mục;85;11487655.8;0.30879999999999996;2.74;81;29;0;0;13/04/2026 21:53;https://res.bigseller.pro/sku/images/merchantsku/944484/224749_1754365625508.jpg?imageView2/1/w/300/h/300
2079;MEDIANSWER Mặt Nạ Thạch Vita Collagen Trắng da, Cải Thiện Nếp Nhăn - 1 miếng;;Chưa chọn danh mục;85;497819.43;0.11710000000000001;2.74;3;1;0;0;13/04/2026 21:53;https://res.bigseller.pro/sku/images/merchantsku/944484/390785_1754365621722.jpg?imageView2/1/w/300/h/300
2587;VICHY Dầu gội Dercos Technique Anti-Dandruff Ds Normal To Oily Hair - 200ml (Xanh da dầu);;Chưa chọn danh mục;85;5238761.4;0.2191;2.74;34;12;0;0;13/04/2026 21:53;https://res.bigseller.pro/sku/images/merchantsku/944484/866911_1754365715819.jpg?imageView2/1/w/300/h/300
1669;FEMFRESH Dung Dịch Vệ Sinh Phụ Nữ Daily Intimate Wash Cam 250ml;;Chưa chọn danh mục;84;1942239.77;0.1931;2.71;37;13;0;24;13/04/2026 21:53;https://res.bigseller.pro/sku/images/merchantsku/944484/571086_1754364220887.jpg?imageView2/1/w/300/h/300
2543;VASELINE Kem dưỡng tay và móng Deep Moisture Hand & Nail Cream 60ml;;Chưa chọn danh mục;83;468941.12;0.18239999999999998;2.68;103;38;1;0;13/04/2026 21:53;https://res.bigseller.pro/sku/images/merchantsku/944484/153601_1754365714065.jpg?imageView2/1/w/300/h/300
1346;CERAVE Sữa Dưỡng Moisturising Lotion Lait Hydratant - 30ml;;Chưa chọn danh mục;81;2558060;0.6779999999999999;2.61;35;13;0;0;13/04/2026 21:53;https://res.bigseller.pro/sku/images/merchantsku/944484/980249_1754365914084.jpg?imageView2/1/w/300/h/300
1435;COCOON KEM Chống Nắng Bí Đao SPF Cao Suncream UVA/UVB - 50ml;;Chưa chọn danh mục;80;1620552;0.0942;2.58;0;0;0;0;13/04/2026 21:53;https://res.bigseller.pro/sku/images/merchantsku/944484/175995_1782723586836.jpg?imageView2/1/w/300/h/300
2370;SIMPLE Sữa rửa mặt Moisturising Facial Wash 150ml [Xanh lá trắng];;Chưa chọn danh mục;79;472381.11;0.073;2.55;12;4;0;0;13/04/2026 21:53;https://res.bigseller.pro/sku/images/merchantsku/944484/909267_1785901378995.jpg?imageView2/1/w/300/h/300